{
  "earningsIncludedUpTo": "2015-04-05",
  "amounts": {
    "protectedPayment": false,
    "current": {
      "weeklyAmount": 133.41,
      "monthlyAmount": 580.1,
      "annualAmount": 6961.14
    },
    "forecast": {
      "yearsToWork": 3,
      "weeklyAmount": 146.76,
      "monthlyAmount": 638.14,
      "annualAmount": 7657.73
    },
    "maximum": {
      "yearsToWork": 3,
      "gapsToFill": 2,
      "weeklyAmount": 155.65,
      "monthlyAmount": 676.8,
      "annualAmount": 8121.59
    },
    "cope": {
      "weeklyAmount": 0,
      "monthlyAmount": 0,
      "annualAmount": 0
    },
    "starting": {
      "weeklyAmount": 130.05,
      "monthlyAmount": 565.49,
      "annualAmount": 6785.82
    },
    "oldRules": {
      "basicStatePension": 119.30,
      "additionalStatePension": 10.75,
      "graduatedRetirementBenefit": 0
    },
    "newRules": {
      "grossStatePension": 130.05,
      "rebateDerivedAmount": 0
    }
  },
  "pensionAge": 64,
  "pensionDate": "2018-07-06",
  "finalRelevantYear": "2017-18",
  "numberOfQualifyingYears": 30,
  "pensionSharingOrder": false,
  "currentFullWeeklyPensionAmount": 155.65,
  "reducedRateElection": true,
  "reducedRateElectionCurrentWeeklyAmount":133.41,
  "statePensionAgeUnderConsideration": false,
  "_links" : {
    "self": {
      "href": "/state-pension/ni/QQ123456A"
    }
  }
}
