{
  "$schema": "http://json-schema.org/draft-04/schema#",
  "description": "Regular Response",
  "type": "object",
  "properties": {
    "exclusionReasons": {
      "type": "array",
      "items": {
      "type": "string",
        "oneOf": [
          {
            "enum": ["IsleOfMan"],
            "description": "The customer has National Insurance contributions from the Isle of Man. Manual separation of National Insurance record required, customer should contact the National Insurance Helpline."
          },

          {
            "enum": ["AmountDissonance"],
            "description": "Contention between amounts on internal systems. There is contention between the pension amounts in the internal systems, therefore a reliable forecast cannot be provided."
          },
          
          {
            "enum": ["PostStatePensionAge"],
            "description": "The current date is equal to or greater than the day before the customer\u2019s State Pension date. The customer is eligible for State Pension and therefore we do not provide a forecast."
          }
        ],
        "description": "A list of exclusion reasons",
        "example": "IsleOfMan"
        }
    },
    "earningsIncludedUpTo": {
      "type": "string",
      "description": "The date which the calculations are based on. This is always the end date of the last posted tax year",
      "example": "2015-04-05"
    },
    "amounts": {
      "type": "object",
      "properties": {
        "protectedPayment": {
          "type": "boolean",
          "description": "Whether the customer has an amount higher than the full rate at the end of the 2015/16 tax year",
          "example": "false"
        },
        "current": {
          "type": "object",
          "properties": {
            "weeklyAmount": {
              "type": "number",
              "description": "The amount of accrued State Pension to date each week",
              "example": "133.41"
            },
            "monthlyAmount": {
              "type": "number",
              "description": "The amount of accrued State Pension to date each month",
              "example": "580.1"
            },
            "annualAmount": {
              "type": "number",
              "description": "The amount of accrued State Pension to date each year",
              "example": "6961.14"
            }
          }
        },
        "forecast": {
          "type": "object",
          "properties": {
            "yearsToWork": {
              "type": "number",
              "description": "The number of future qualifying years needed to get the forecast amount",
              "example": "1"
            },
            "weeklyAmount": {
              "type": "number",
              "description": "The forecasted amount of State Pension each week",
              "example": "146.76"
            },
            "monthlyAmount": {
              "type": "number",
              "description": "The forecasted amount of State Pension each month",
              "example": "638.14"
            },
            "annualAmount": {
              "type": "number",
              "description": "The forecasted amount of State Pension each year",
              "example": "7657.73"
            }
          }
        },
        "maximum": {
          "type": "object",
          "properties": {
            "yearsToWork": {
              "type": "number",
              "description": "The number of future qualifying years needed to get the most amount possible after paying all gaps",
              "example": "3"
            },
            "gapsToFill": {
              "type": "number",
              "description": "The total number of payable gaps - using this field may result in the customer filling more gaps than necessary",
              "example": "2"
            },
            "weeklyAmount": {
              "type": "number",
              "description": "The maximum amount of State Pension each week",
              "example": "155.65"
            },
            "monthlyAmount": {
              "type": "number",
              "description": "The maximum amount of State Pension each month",
              "example": "676.8"
            },
            "annualAmount": {
              "type": "number",
              "description": "The maximum amount of State Pension each year",
              "example": "8121.59"
            }
          }
        },
        "cope": {
          "type": "object",
          "properties": {
            "weeklyAmount": {
              "type": "number",
              "description": "The amount of Contracted Out Pension Equivalent each week",
              "example": "0"
            },
            "monthlyAmount": {
              "type": "number",
              "description": "The amount of Contracted Out Pension Equivalent every month",
              "example": "10.75"
            },
            "annualAmount": {
              "type": "number",
              "description": "The amount of Contracted Out Pension Equivalent each year",
              "example": "0"
            }
          }
        },
        "starting": {
          "type": "object",
          "properties": {
            "weeklyAmount": {
              "type": "number",
              "description": "The starting amount of State Pension each week",
              "example": "130.05"
            },
            "monthlyAmount": {
              "type": "number",
              "description": "The starting amount of State Pension every month",
              "example": "565.49"
            },
            "annualAmount": {
              "type": "number",
              "description": "The starting amount of State Pension each year",
              "example": "6785.82"
            }
          }
        },
        "oldRules": {
          "type": "object",
          "properties": {
            "basicStatePension": {
              "type": "number",
              "description": "The Old Rules Basic Pension before any additions",
              "example": "119.30"
            },
            "additionalStatePension": {
              "type": "number",
              "description": "The earnings related pension on top of the Basic State Pension",
              "example": "10.75"
            },
            "graduatedRetirementBenefit": {
              "type": "number",
              "description": "The benefit accrued when individuals paid NI contributions when ERB scheme was in operation between April 61 to April 75",
              "example": "0"
            }
          }
        },
        "newRules": {
          "type": "object",
          "properties": {
            "grossStatePension": {
              "type": "number",
              "description": "The New Rules Basic Pension before any deductions",
              "example": "130.05"
            },
            "rebateDerivedAmount": {
              "type": "number",
              "description": "The Rebate Derived Amount which gets deducted from Gross State Pension",
              "example": "0"
            }
          }
        }
      }
    },
    "pensionAge": {
      "type": "number",
      "description": "The customer\u2019s age when they can claim State Pension",
      "example": "64"
    },
    "pensionDate": {
      "type": "string",
      "description": "The date the customer can claim State Pension",
      "example": "2018-07-06"
    },
    "finalRelevantYear": {
      "type": "string",
      "description": "The last full tax year before the customer\u2019s State Pension date, for example 2017/18 with a date of 6 July 2018",
      "example": "2017-18"
    },
    "numberOfQualifyingYears": {
      "type": "number",
      "description": "The number of qualifying years of National Insurance",
      "example": "30"
    },
    "pensionSharingOrder": {
      "type": "boolean",
      "description": "Whether the customer has a \u2018pension sharing order\u2019 in effect",
      "example": "true"
    },
    "currentWeeklyPensionAmount": {
      "type": "number",
      "description": "The full rate of State Pension each week",
      "example": "155.65"
    },
    "reducedRateElection": {
      "type": "boolean",
      "description": "Whether the customer has a \u2018reduced rate election\u2019 in force at the beginning of the tax year 35 years before the tax year of State Pension age",
      "example": "true"
    },
    "reducedRateElectionCurrentWeeklyAmount": {
      "type": "number",
      "description": "The amount of accrued State Pension to date each week returned only if the customer has \u2018reduced rate election\u2019 and regardless of qualifying years ",
      "example": "133.41"
    },
    "statePensionAgeUnderConsideration": {
      "type": "boolean",
      "description": "Whether the customer has a date of birth between 6 April 1970 and 5 April 1978.  These customers may have a change to their State Pension age due to an ongoing government consultation.",
      "example": "true"
    }
  }
}
